,City,Latitude,Longitude,Max Temp,Humidity,Cloudiness,Wind Speed,Country,Date
0,Port Elizabeth,-33.918,25.5701,54.45,89,0,8.72,ZA,1596326400
1,Carnarvon,-24.8667,113.6333,64.45,80,0,14.27,AU,1596326400
2,New Norfolk,-42.7826,147.0587,49.6,65,17,5.91,AU,1596326400
3,Qaanaaq,77.484,-69.3632,40.42,69,23,6.96,GL,1596326400
4,Vila Velha,-20.3297,-40.2925,69.51,82,77,4.92,BR,1596326400
5,Coyhaique,-45.5752,-72.0662,41.27,80,94,8.28,CL,1596326400
6,Tiksi,71.6872,128.8694,48.0,75,1,3.22,RU,1596326400
7,Awjilah,29.1081,21.2869,79.52,63,0,14.14,LY,1596326400
8,Rundu,-17.9333,19.7667,53.22,39,0,5.91,NA,1596326400
9,Alofi,-19.0595,-169.9187,74.17,62,99,11.61,NU,1596326400
10,Mahébourg,-20.4081,57.7,71.04,80,75,20.09,MU,1596326400
11,Te Anau,-45.4167,167.7167,53.83,88,99,2.68,NZ,1596326400
12,Albany,42.6001,-73.9662,76.73,61,78,1.1,US,1596326400
13,Cabo San Lucas,22.8909,-109.9124,87.08,58,3,8.41,MX,1596326400
14,Patacamaya,-17.2333,-67.9167,52.77,40,25,6.06,BO,1596326400
15,Ilulissat,69.2167,-51.1,44.11,88,83,3.56,GL,1596326400
16,Shitanjing,39.2342,106.3439,76.93,17,0,6.73,CN,1596326400
17,San Luis,-33.295,-66.3356,63.93,39,22,11.88,AR,1596326400
18,Ushuaia,-54.8,-68.3,37.54,85,75,4.74,AR,1596326400
19,Saskylakh,71.9167,114.0833,67.59,50,100,8.1,RU,1596326400
20,Lavrentiya,65.5833,-171.0,46.22,67,96,12.84,RU,1596326400
21,Rikitea,-23.1203,-134.9692,74.1,77,12,7.29,PF,1596326400
22,Kapaa,22.0752,-159.319,80.17,65,14,12.59,US,1596326400
23,Atuona,-9.8,-139.0333,79.68,75,98,16.84,PF,1596326400
24,Klaksvík,62.2266,-6.589,51.1,91,15,14.85,FO,1596326400
25,Anadyr,64.75,177.4833,52.72,74,87,2.68,RU,1596326400
26,Jamestown,42.097,-79.2353,67.69,88,95,6.87,US,1596326400
27,Mar del Plata,-38.0023,-57.5575,49.91,80,100,14.94,AR,1596326400
28,Tuktoyaktuk,69.4541,-133.0374,49.41,90,93,19.75,CA,1596326400
29,Kahului,20.8947,-156.47,81.25,49,11,11.14,US,1596326400
30,The Valley,18.217,-63.0578,82.72,78,54,9.4,AI,1596326400
31,Srīvardhan,18.0333,73.0167,79.48,87,94,9.53,IN,1596326400
32,San Cristobal,7.7669,-72.225,78.67,68,26,5.06,VE,1596326400
33,Cape Town,-33.9258,18.4232,61.81,66,0,4.52,ZA,1596326400
34,Nikolskoye,59.7035,30.7861,52.32,84,12,3.76,RU,1596326400
35,Korla,41.7597,86.1469,78.96,25,84,6.38,CN,1596326400
36,Upernavik,72.7868,-56.1549,42.53,67,22,13.11,GL,1596326400
37,Praia da Vitória,38.7333,-27.0667,71.55,69,12,6.08,PT,1596326400
38,Vidisha,23.5333,77.8167,81.32,77,39,5.17,IN,1596326400
39,Najrān,17.4924,44.1277,81.1,51,67,7.25,SA,1596326400
40,Elizabeth City,36.2946,-76.2511,77.67,90,54,5.28,US,1596326400
41,Ribeira Grande,38.5167,-28.7,71.82,67,8,6.71,PT,1596326400
42,Zyryanka,65.75,150.85,63.95,55,0,4.16,RU,1596326400
43,Taoudenni,22.6783,-3.9836,104.47,9,0,7.47,ML,1596326400
44,Bredasdorp,-34.5322,20.0403,49.51,90,4,2.91,ZA,1596326400
45,São Félix do Xingu,-6.6447,-51.995,79.86,37,18,1.97,BR,1596326400
46,Kralendijk,12.15,-68.2667,83.66,83,86,21.85,BQ,1596326400
47,Hamilton,39.1834,-84.5333,78.04,83,70,8.34,US,1596326400
48,Hermanus,-34.4187,19.2345,60.13,68,1,5.79,ZA,1596326400
49,Abalak,58.1286,68.5944,60.31,97,76,3.24,RU,1596326400
50,Ust-Nera,64.5667,143.2,68.47,34,21,2.84,RU,1596326400
51,Guanare,9.0418,-69.7421,79.74,81,93,3.27,VE,1596326400
52,Tabriz,38.08,46.2919,73.04,36,28,8.48,IR,1596326400
53,Punta Arenas,-53.15,-70.9167,36.28,89,86,3.36,CL,1596326400
54,Emba,48.8264,58.1442,78.19,20,0,6.06,KZ,1596326400
55,Dikson,73.5069,80.5464,49.33,95,87,17.69,RU,1596326400
56,Ponta do Sol,32.6667,-17.1,71.35,66,11,3.56,PT,1596326400
57,Hithadhoo,-0.6,73.0833,82.62,74,21,11.54,MV,1596326400
58,Saint-Philippe,-21.3585,55.7679,67.33,73,81,11.77,RE,1596326400
59,Tasiilaq,65.6145,-37.6368,45.12,52,0,3.27,GL,1596326400
60,Kavaratti,10.5669,72.642,82.2,78,100,20.49,IN,1596326400
61,Santa Cruz de La Palma,28.6835,-17.7642,71.73,79,72,12.37,ES,1596326400
62,Longyearbyen,78.2186,15.6401,49.64,81,29,2.08,SJ,1596326400
63,Sittwe,20.15,92.9,81.95,84,100,4.29,MM,1596326400
64,Contamana,-7.3333,-75.0167,84.29,49,31,2.55,PE,1596326400
65,Sotouboua,8.5667,0.9833,69.37,91,20,2.57,TG,1596326400
66,Qaqortoq,60.7167,-46.0333,48.99,84,87,6.31,GL,1596326400
67,Bluff,-46.6,168.3333,51.98,89,86,10.6,NZ,1596326400
68,Salalah,17.0151,54.0924,79.99,87,60,6.71,OM,1596326400
69,Nakhon Thai,17.1006,100.8374,75.25,95,87,2.77,TH,1596326400
70,Burgeo,47.6167,-57.6152,66.33,84,59,10.83,CA,1596326400
71,Yellowknife,62.456,-114.3525,78.78,41,0,12.57,CA,1596326400
72,Warrington,53.3925,-2.5802,57.06,79,58,5.99,GB,1596326400
73,Chancay,-11.5714,-77.2672,60.26,81,41,7.16,PE,1596326400
74,Husavik,66.0449,-17.3389,52.38,84,69,2.75,IS,1596326400
75,Chernyshevsk,52.5243,117.0174,65.62,91,100,11.65,RU,1596326400
76,Marzuq,14.4,46.4667,76.87,64,1,7.52,YE,1596326400
77,Mataura,-46.1927,168.8643,55.49,76,100,1.68,NZ,1596326400
78,Puerto Ayora,-0.7393,-90.3518,68.49,90,80,8.28,EC,1596326400
79,Souillac,-20.5167,57.5167,70.88,80,80,18.45,MU,1596326400
80,Mufumbwe,-13.6833,24.8,53.65,43,0,7.07,ZM,1596326400
81,Australind,-33.2667,115.7167,51.28,87,100,3.51,AU,1596326400
82,Broken Hill,-31.95,141.4333,60.24,41,50,7.47,AU,1596326400
83,Butaritari,3.0707,172.7902,83.43,80,3,17.02,KI,1596326400
84,Sabalgarh,26.25,77.4,87.67,68,60,7.54,IN,1596326400
85,Bethel,41.3712,-73.414,77.43,59,28,4.88,US,1596326400
86,Codrington,-38.2667,141.9667,52.92,86,100,6.82,AU,1596326400
87,Port Alfred,-33.5906,26.891,59.11,75,0,12.66,ZA,1596326400
88,Busselton,-33.65,115.3333,54.32,84,92,1.7,AU,1596326400
89,Loikaw,19.6742,97.2094,71.04,93,100,1.7,MM,1596326400
90,Cumana,10.4635,-64.1775,83.53,76,52,3.42,VE,1596326400
91,Caravelas,-17.7125,-39.2481,69.76,80,23,5.88,BR,1596326400
92,Namwala,-15.7504,26.4384,48.9,52,0,4.05,ZM,1596326400
93,Morón,-34.6534,-58.6198,62.08,89,74,8.7,AR,1596326400
94,Hong Kong,22.2855,114.1577,82.04,90,100,18.9,HK,1596326400
95,Fortuna,40.5982,-124.1573,68.36,45,26,8.37,US,1596326400
96,Nanortalik,60.1432,-45.2371,46.35,93,100,14.16,GL,1596326400
97,Manggar,-2.8833,108.2667,80.46,81,78,10.74,ID,1596326400
98,Ugoofaaru,5.6667,73.0,82.92,77,100,13.44,MV,1596326400
99,Bilibino,68.0546,166.4372,49.55,76,100,2.35,RU,1596326400
100,Saint Paul Harbor,57.79,-152.4072,57.13,84,58,6.4,US,1596326400
101,Polovinnoye,54.7914,65.9864,66.83,63,71,6.29,RU,1596326400
102,Esperance,-33.8667,121.9,52.59,80,100,11.52,AU,1596326400
103,Arraial do Cabo,-22.9661,-42.0278,69.76,78,32,12.24,BR,1596326400
104,Khani,41.9563,42.9566,67.86,93,92,0.56,GE,1596326400
105,Dedza,-14.3779,34.3332,47.61,96,9,3.49,MW,1596326400
106,Kavieng,-2.5744,150.7967,82.58,80,100,10.69,PG,1596326400
107,Khatanga,71.9667,102.5,62.71,82,100,8.23,RU,1596326400
108,Tezu,27.9167,96.1667,79.27,79,82,1.57,IN,1596326400
109,Pevek,69.7008,170.3133,37.04,94,100,5.3,RU,1596326400
110,Quanzhou,24.9139,118.5858,84.2,77,23,2.06,CN,1596326400
111,Vaini,-21.2,-175.2,72.32,72,87,16.04,TO,1596326400
112,Chegdomyn,51.1167,133.0167,67.39,93,99,2.62,RU,1596326400
113,Sorong,-0.8833,131.25,76.98,89,90,12.12,ID,1596326400
114,Bilma,18.6853,12.9164,88.02,49,83,1.66,NE,1596326400
115,Naze,28.3667,129.4833,82.29,78,63,6.78,JP,1596326400
116,Saldanha,-33.0117,17.9442,64.2,60,0,9.24,ZA,1596326400
117,Ouahigouya,13.5828,-2.4216,82.2,62,0,11.43,BF,1596326400
118,Damara,4.9608,18.7035,73.54,94,69,1.61,CF,1596326400
119,Scarborough,54.2797,-0.4044,57.56,78,63,10.54,GB,1596326400
120,Kelo,9.3086,15.8066,74.71,91,100,6.58,TD,1596326400
121,Buala,-8.145,159.5921,85.03,71,45,0.54,SB,1596326400
122,Gimli,50.6336,-96.9907,72.45,60,0,13.56,CA,1596326400
123,Los Llanos de Aridane,28.6585,-17.9182,69.89,83,60,6.8,ES,1596326400
124,Ixtapa,20.7,-105.2,83.91,73,85,4.16,MX,1596326400
125,Faanui,-16.4833,-151.75,78.66,81,32,11.5,PF,1596326400
126,Markha,62.1053,129.7269,72.81,41,0,1.39,RU,1596326400
127,Laas,46.6166,10.7002,63.97,71,82,2.17,IT,1596326400
128,Adrar,20.5022,-10.0711,100.63,12,3,6.69,MR,1596326400
129,Pañgobilian,8.8011,117.8594,82.58,76,100,5.75,PH,1596326400
130,Imbituba,-28.24,-48.6703,62.73,83,0,4.56,BR,1596326400
131,Hervey Bay,-25.2986,152.8535,66.52,74,44,11.32,AU,1596326400
132,Chicama,-7.8447,-79.1469,66.09,72,16,6.89,PE,1596326400
133,Toora-Khem,52.4675,96.11,50.88,92,100,1.77,RU,1596326400
134,Naliya,23.2667,68.8333,86.2,77,100,9.6,IN,1596326400
135,San Vicente,-26.6167,-54.1333,64.65,77,24,3.02,AR,1596326400
136,Selçuk,37.9514,27.3685,78.51,54,0,5.28,TR,1596326400
137,Paramonga,-10.6667,-77.8333,62.82,78,13,8.03,PE,1596326400
138,Mount Gambier,-37.8333,140.7667,53.69,88,94,3.62,AU,1596326400
139,Kirkland Lake,48.1446,-80.0377,72.64,77,42,3.22,CA,1596326400
140,Williams Lake,52.1415,-122.1445,87.75,30,39,1.39,CA,1596326400
141,Huarmey,-10.0681,-78.1522,63.77,77,4,8.12,PE,1596326400
142,Urengoy,65.9667,78.3667,58.26,87,100,13.62,RU,1596326400
143,Waddān,29.1614,16.139,80.1,37,0,3.11,LY,1596326400
144,Pangnirtung,66.1451,-65.7125,46.94,80,100,2.04,CA,1596326400
145,Pitimbu,-7.4706,-34.8086,76.01,91,25,13.35,BR,1596326400
146,Kargil,34.5667,76.1,55.0,57,0,5.32,IN,1596326400
147,Sheridan,44.8333,-106.9173,88.86,23,1,12.08,US,1596326400
148,Pangoa,-12.1167,-73.0,75.94,59,2,3.11,PE,1596326400
149,Saint Anthony,45.0205,-93.218,76.21,63,90,9.1,US,1596326400
150,Clarence Town,-32.5833,151.7833,57.97,71,0,3.51,AU,1596326400
151,Barrow,71.2906,-156.7887,39.81,72,40,8.75,US,1596326400
152,Quijingue,-10.7525,-39.2092,66.97,87,9,6.06,BR,1596326400
153,Cairns,-16.9167,145.7667,70.95,79,77,11.9,AU,1596326400
154,Castro,-24.7911,-50.0119,55.29,80,0,3.24,BR,1596326400
155,Glinka,54.6404,32.8781,53.2,92,79,7.7,RU,1596326400
156,Mahon,39.8885,4.2658,81.09,81,0,17.83,ES,1596326400
157,Iwaki,37.05,140.8833,77.52,70,52,4.29,JP,1596326400
158,Wolfsburg,52.4333,10.8,64.8,95,95,4.12,DE,1596326400
159,Kyabram,-36.3167,145.05,49.64,82,18,8.39,AU,1596326400
160,Chui,-33.6971,-53.4616,52.16,82,0,7.96,UY,1596326400
161,Bambous Virieux,-20.3428,57.7575,70.39,80,74,20.51,MU,1596326400
162,Yangjiang,21.85,111.9667,79.56,92,100,5.82,CN,1596326400
163,Ostrovnoy,68.0531,39.5131,51.01,88,97,14.9,RU,1596326400
164,Tommot,58.9564,126.2925,59.11,80,65,8.43,RU,1596326400
165,Puerto Baquerizo Moreno,-0.9,-89.6,68.04,90,61,10.87,EC,1596326400
166,Geraldton,-28.7667,114.6,55.65,83,39,13.33,AU,1596326400
167,Honningsvåg,70.9821,25.9704,50.0,85,89,8.41,NO,1596326400
168,Boyolangu,-8.1181,111.8935,73.02,84,90,7.11,ID,1596326400
169,Ancud,-41.8697,-73.8203,48.97,86,41,12.1,CL,1596326400
170,Cáqueza,4.4057,-73.9468,65.68,59,41,1.74,CO,1596326400
171,Tuatapere,-46.1333,167.6833,53.92,88,54,4.56,NZ,1596326400
172,Mumford,5.2618,-0.759,73.45,89,16,8.95,GH,1596326400
173,Padang,-0.9492,100.3543,77.77,80,92,4.76,ID,1596326400
174,Hobart,-42.8794,147.3294,50.76,55,58,6.87,AU,1596326400
175,Bubaque,11.2833,-15.8333,81.21,81,100,9.95,GW,1596326400
176,Saint-François,46.4154,3.9054,69.46,80,75,5.53,FR,1596326400
177,Evensk,61.95,159.2333,60.71,52,86,4.32,RU,1596326400
178,Natal,-5.795,-35.2094,75.99,85,20,11.07,BR,1596326400
179,Mandan,46.8267,-100.8896,77.18,40,54,12.71,US,1596326400
180,Norman Wells,65.282,-126.8329,90.16,28,19,6.49,CA,1596326400
181,Mujiayingzi,42.1167,118.7833,78.73,69,90,6.93,CN,1596326400
182,Ascension,30.2169,-90.9001,85.44,71,98,4.29,US,1596326400
183,Pisco,-13.7,-76.2167,60.08,82,4,5.48,PE,1596326400
184,Ucar,40.519,47.6542,75.42,67,60,3.36,AZ,1596326400
185,Ketchikan,55.3422,-131.6461,65.08,71,76,10.56,US,1596326400
186,La Cruz,23.9167,-106.9,87.58,69,78,10.16,MX,1596326400
187,Talnakh,69.4865,88.3972,61.0,68,60,8.21,RU,1596326400
188,Ayan,56.45,138.1667,52.39,88,100,14.29,RU,1596326400
189,Makkah al Mukarramah,21.4267,39.8261,84.07,67,95,20.8,SA,1596326400
190,Lebu,-37.6167,-73.65,52.14,94,30,6.13,CL,1596326400
191,Brigantine,39.4101,-74.3646,78.1,74,15,11.77,US,1596326400
192,Lüderitz,-26.6481,15.1594,70.25,24,0,2.59,NA,1596326400
193,Russellville,35.2784,-93.1338,83.17,53,46,2.33,US,1596326400
194,Avera,33.194,-82.5271,88.52,45,31,8.28,US,1596326400
195,Dingle,10.9995,122.6711,79.36,85,100,0.72,PH,1596326400
196,Nouadhibou,20.931,-17.0347,73.74,83,0,17.6,MR,1596326400
197,General Roca,-39.0333,-67.5833,55.24,51,72,8.55,AR,1596326400
198,Mnogovershinnyy,53.9353,139.9242,50.31,100,100,7.38,RU,1596326400
199,Mossamedes,-15.1961,12.1522,66.99,78,0,2.35,AO,1596326400
200,Labis,2.385,103.021,76.84,88,100,2.73,MY,1596326400
201,Bengkulu,-3.8004,102.2655,74.66,87,100,3.89,ID,1596326400
202,Muros,42.7762,-9.0603,63.09,81,16,9.82,ES,1596326400
203,Palmer,42.1584,-72.3287,77.43,58,45,2.66,US,1596326400
204,Jalu,29.0331,21.5482,80.6,58,0,14.12,LY,1596326400
205,Nishihara,26.1842,127.7558,84.83,80,44,15.01,JP,1596326400
206,Marabu,4.4148,114.0089,77.97,90,59,3.94,MY,1596326400
207,Aklavik,68.2191,-135.0107,62.6,71,61,20.65,CA,1596326400
208,Clyde River,70.4692,-68.5914,44.17,84,41,0.27,CA,1596326400
209,Hokitika,-42.7167,170.9667,54.09,72,100,4.07,NZ,1596326400
210,Libenge,3.65,18.6333,74.17,89,100,1.52,CD,1596326400
211,Wundanyi,-3.4019,38.364,54.41,100,33,5.79,KE,1596326400
212,Severo-Kuril'sk,50.6789,156.125,56.98,78,100,8.03,RU,1596326400
213,Omboué,-1.5746,9.2618,73.44,78,76,6.13,GA,1596326400
214,Kindu,-2.95,25.95,75.52,61,54,2.24,CD,1596326400
215,Port Hardy,50.6996,-127.4199,68.7,62,76,1.7,CA,1596326400
216,Zharkent,44.1628,80.0,72.19,46,36,2.59,KZ,1596326400
217,Saint George,37.1041,-113.5841,107.78,6,1,17.87,US,1596326400
218,Tarragona,41.129,1.249,79.48,63,0,8.81,ES,1596326400
219,Weinan,34.5036,109.5089,78.8,87,72,2.42,CN,1596326400
220,Umeå,63.8284,20.2597,57.47,92,72,4.27,SE,1596326400
221,Avarua,-21.2078,-159.775,70.99,61,54,8.68,CK,1596326400
222,Riyadh,24.6877,46.7219,92.53,22,74,4.16,SA,1596326400
223,Olkhovka,53.2115,60.6069,66.6,50,34,8.5,RU,1596326400
224,Impfondo,1.6381,18.0667,74.41,85,100,0.72,CG,1596326400
225,Port Hawkesbury,45.6169,-61.3485,64.08,88,61,10.8,CA,1596326400
226,George Town,5.4112,100.3354,78.93,85,59,4.72,MY,1596326400
227,Laguna,38.421,-121.4238,99.9,14,3,7.9,US,1596326400
228,Lentekhi,42.7856,42.7261,62.38,72,78,1.88,GE,1596326400
229,Krasnogvardeyskiy,57.3793,62.3195,63.01,93,100,8.21,RU,1596326400
230,Port-Cartier,50.0334,-66.8654,70.86,64,44,7.87,CA,1596326400
231,Katsuura,35.1333,140.3,78.8,76,26,13.91,JP,1596326400
232,Begunitsy,59.5855,29.3176,51.57,87,55,2.95,RU,1596326400
233,Kedrovyy,56.1667,91.8167,54.59,94,86,1.63,RU,1596326400
234,Alugan,12.2188,125.4808,81.41,79,100,2.46,PH,1596326400
235,Baykit,61.67,96.37,64.58,81,76,1.34,RU,1596326400
236,Bowen,-20.0167,148.2333,69.66,67,46,15.79,AU,1596326400
237,Dhidhdhoo,6.8833,73.1,82.63,76,100,16.44,MV,1596326400
238,Alingsås,57.9303,12.5335,59.2,78,96,6.15,SE,1596326400
239,Esim,4.8699,-2.2405,73.99,84,0,8.46,GH,1596326400
240,Lompoc,34.6391,-120.4579,76.93,47,0,11.05,US,1596326400
241,Mayo,38.8876,-76.5119,80.96,77,73,12.12,US,1596326400
242,Kasane,-17.8167,25.15,51.1,42,0,5.39,BW,1596326400
243,Bam,29.106,58.357,86.13,29,87,1.59,IR,1596326400
244,Abu Samrah,35.3029,37.1841,75.02,53,0,8.5,SY,1596326400
245,Fort Smith,35.3859,-94.3986,84.09,49,8,3.18,US,1596326400
246,Noyabrsk,63.1994,75.4507,57.42,92,33,10.11,RU,1596326400
247,Chokurdakh,70.6333,147.9167,59.63,59,87,3.47,RU,1596326400
248,Vardø,70.3705,31.1107,48.87,86,96,11.86,NO,1596326400
249,Namanga,-2.5433,36.7905,59.38,74,0,6.49,KE,1596326400
250,Jakar,27.5492,90.7525,60.49,75,100,1.68,BT,1596326400
251,Río Cuarto,-33.1307,-64.3499,68.36,50,77,19.51,AR,1596326400
252,Vicuña,-30.0319,-70.7081,65.43,36,19,2.95,CL,1596326400
253,Brae,60.3964,-1.353,53.04,91,25,7.47,GB,1596326400
254,Liaocheng,36.4439,115.9647,77.54,93,100,12.15,CN,1596326400
255,Raudeberg,61.9875,5.1352,59.72,85,85,4.36,NO,1596326400
256,Yangi Marg`ilon,40.4272,71.7189,72.3,49,62,3.91,UZ,1596326400
257,Loa Janan,-0.583,117.095,75.22,95,84,2.66,ID,1596326400
258,Gamba,-2.65,10.0,71.13,85,15,3.71,GA,1596326400
259,Opuwo,-18.0607,13.84,61.56,32,0,11.63,NA,1596326400
260,Myurego,42.4109,47.693,73.04,63,43,5.57,RU,1596326400
261,Portland,45.5234,-122.6762,85.86,33,33,3.44,US,1596326400
262,Provideniya,64.3833,-173.3,49.23,65,27,8.75,RU,1596326400
263,Ahipara,-35.1667,173.1667,56.89,89,100,14.03,NZ,1596326400
264,Vao,-22.6667,167.4833,66.33,71,31,17.07,NC,1596326400
265,Sitka,57.0531,-135.33,63.07,77,95,9.33,US,1596326400
266,Lubango,-14.9172,13.4925,57.65,42,0,3.24,AO,1596326400
267,Bundaberg,-24.85,152.35,67.42,65,9,9.6,AU,1596326400
268,Pedro II,-4.4247,-41.4586,76.82,46,22,4.76,BR,1596326400
269,Bodden Town,19.2833,-81.25,85.75,77,18,9.86,KY,1596326400
270,Playas,-2.6333,-80.3833,72.23,78,4,9.73,EC,1596326400
271,Kenai,60.5544,-151.2583,61.47,80,95,4.45,US,1596326400
272,Torbay,47.6666,-52.7314,59.05,96,51,4.07,CA,1596326400
273,Terney,45.0503,136.6092,75.24,82,100,4.5,RU,1596326400
274,Haines Junction,60.7522,-137.5108,65.68,63,84,9.71,CA,1596326400
275,Benicarló,40.4165,0.4271,79.56,53,0,7.63,ES,1596326400
276,Bandarbeyla,9.4942,50.8122,78.13,72,77,26.71,SO,1596326400
277,Järvakandi,58.7789,24.8258,51.71,91,62,2.26,EE,1596326400
278,Magadan,59.5667,150.8,60.76,57,32,3.76,RU,1596326400
279,Henties Bay,-22.116,14.2845,74.8,22,0,12.03,NA,1596326400
280,Hofn,64.2539,-15.2082,51.57,97,100,15.55,IS,1596326400
281,Barnstaple,51.0802,-4.0581,56.73,86,5,12.35,GB,1596326400
282,Broome,42.2506,-75.833,75.78,59,43,3.33,US,1596326400
283,Bartica,6.4,-58.6167,78.57,87,34,2.37,GY,1596326400
284,Namatanai,-3.6667,152.4333,82.02,81,100,8.68,PG,1596326400
285,Olafsvik,64.8945,-23.7142,49.68,90,100,16.91,IS,1596326400
286,Asău,46.4333,26.4,58.19,80,87,2.01,RO,1596326400
287,Thompson,55.7435,-97.8558,73.2,35,0,6.46,CA,1596326400
288,Lidköping,58.5052,13.1577,60.15,89,93,5.06,SE,1596326400
289,Lashio,22.9333,97.75,70.95,100,95,0.56,MM,1596326400
290,Padalarang,-6.8378,107.4728,67.96,79,55,3.69,ID,1596326400
291,Sumter,28.7086,-82.0831,86.83,58,48,8.55,US,1596326400
292,Ust'-Karsk,52.7011,118.8077,65.16,90,98,3.2,RU,1596326400
293,Vanimo,-2.6741,141.3028,76.91,89,100,8.84,PG,1596326400
294,Cidreira,-30.1811,-50.2056,59.47,74,0,8.48,BR,1596326400
295,Tessalit,20.1986,1.0114,96.53,28,14,15.7,ML,1596326400
296,Vila,42.0304,-8.1588,57.2,89,8,4.9,PT,1596326400
297,Mocuba,-16.8392,36.9856,59.32,96,4,3.74,MZ,1596326400
298,Bonavista,48.6499,-53.1147,59.13,85,67,6.85,CA,1596326400
299,Tulun,54.5611,100.5792,56.77,94,100,15.66,RU,1596326400
300,Whitehorse,60.7161,-135.0538,72.18,31,61,14.79,CA,1596326400
301,Alibag,18.6411,72.8792,80.35,89,79,9.71,IN,1596326400
302,Aleksandrov Gay,50.147,48.5704,70.36,71,100,8.66,RU,1596326400
303,Lamar,33.6668,-95.5836,84.79,52,35,1.72,US,1596326400
304,Richards Bay,-28.783,32.0377,62.26,90,0,2.86,ZA,1596326400
305,Shingū,33.7333,135.9833,81.28,74,58,4.16,JP,1596326400
306,Leningradskiy,69.3833,178.4167,43.2,70,99,6.96,RU,1596326400
307,San Quintín,30.4833,-115.95,78.78,61,1,6.8,MX,1596326400
308,St. George's,12.0564,-61.7485,82.76,80,17,9.46,GD,1596326400
309,Bhuj,23.2667,69.6667,84.94,78,100,9.73,IN,1596326400
310,Peleduy,59.6289,112.7406,68.43,62,25,12.15,RU,1596326400
311,Harper,4.375,-7.7169,75.13,82,100,8.99,LR,1596326400
312,Kharabali,47.4196,47.2568,70.0,75,100,4.27,RU,1596326400
313,Siwān,26.2167,84.3667,85.73,71,71,2.48,IN,1596326400
314,Cabra,37.4725,-4.4421,82.29,25,0,3.56,ES,1596326400
315,Okhotsk,59.3833,143.3,64.13,59,0,4.41,RU,1596326400
316,Sabana de Torres,7.3915,-73.4957,83.8,75,97,2.71,CO,1596326400
317,Maceió,-9.6658,-35.7353,76.1,90,65,11.79,BR,1596326400
318,Rocha,-34.4833,-54.3333,52.38,86,16,8.39,UY,1596326400
319,Cherskiy,68.75,161.3,49.3,70,97,9.86,RU,1596326400
320,Wad Medani,14.4012,33.5199,76.06,79,74,14.27,SD,1596326400
321,Tocopilla,-22.092,-70.1979,61.86,55,21,4.05,CL,1596326400
322,La Santisima Trinidad,-14.8333,-64.9,83.89,37,1,2.75,BO,1596326400
323,Walvis Bay,-22.9575,14.5053,75.43,18,0,10.87,NA,1596326400
324,Ostroh,50.3294,26.5143,53.26,94,0,6.76,UA,1596326400
325,Dobson,36.3957,-80.7226,81.73,67,39,8.55,US,1596326400
326,Hilo,19.7297,-155.09,77.52,66,69,7.94,US,1596326400
327,Cabedelo,-6.9811,-34.8339,76.06,92,25,14.88,BR,1596326400
328,Northam,51.0333,-4.2167,57.7,86,9,12.73,GB,1596326400
329,Petropavlovsk-Kamchatskiy,53.0452,158.6483,65.59,61,89,1.88,RU,1596326400
330,Half Moon Bay,37.4636,-122.4286,68.95,76,51,9.98,US,1596326400
331,Umluj,25.0213,37.2685,88.54,70,93,16.58,SA,1596326400
332,Ati,13.2154,18.3353,85.21,59,100,12.97,TD,1596326400
333,Dalbandin,28.8947,64.4101,82.26,27,72,2.55,PK,1596326400
334,Talcahuano,-36.7167,-73.1167,54.36,94,75,7.67,CL,1596326400
335,Bonthe,7.5264,-12.505,75.85,90,100,10.2,SL,1596326400
336,East London,-33.0153,27.9116,60.73,67,0,10.92,ZA,1596326400
337,Palana,59.1167,159.9667,55.6,73,0,8.03,RU,1596326400
338,Carutapera,-1.195,-46.02,77.9,80,95,5.82,BR,1596326400
339,Zeya,53.75,127.2667,60.49,85,100,5.23,RU,1596326400
340,Tigil',57.8,158.6667,64.11,63,0,7.54,RU,1596326400
341,Kiryat Gat,31.61,34.7642,70.05,71,0,4.54,IL,1596326400
342,Qeshm,26.9581,56.2719,88.27,81,24,14.81,IR,1596326400
343,City of San Pedro,14.35,121.0167,79.34,89,100,2.84,PH,1596326400
344,Pacific Grove,36.6177,-121.9166,65.82,66,4,9.8,US,1596326400
345,Neiafu,-18.65,-173.9833,75.85,71,87,16.42,TO,1596326400
346,Constitución,-35.3333,-72.4167,54.52,93,100,10.33,CL,1596326400
347,Grand Gaube,-20.0064,57.6608,71.85,83,32,23.29,MU,1596326400
348,Lagoa,39.05,-27.9833,71.35,71,0,9.26,PT,1596326400
349,Šilalė,55.4906,22.1814,52.48,84,19,4.0,LT,1596326400
350,Kaitangata,-46.2817,169.8464,54.32,75,90,3.87,NZ,1596326400
351,Preobrazheniye,42.9019,133.9064,72.28,87,100,4.5,RU,1596326400
352,Dakar,14.6937,-17.4441,82.04,82,27,8.1,SN,1596326400
353,Elko,41.0002,-115.5012,97.9,7,67,10.0,US,1596326400
354,Kuytun,54.3419,101.5036,56.79,96,100,16.84,RU,1596326400
355,Stromness,58.965,-3.296,53.35,90,67,10.4,GB,1596326400
356,Hendrina,-26.1588,29.7153,46.17,60,0,4.63,ZA,1596326400
357,Port Blair,11.6667,92.75,82.45,80,100,22.91,IN,1596326400
358,Spearfish,44.4908,-103.8594,78.01,44,23,9.89,US,1596326400
359,Egvekinot,66.3167,-179.1667,49.42,69,83,2.01,RU,1596326400
360,Kruisfontein,-34.0033,24.7314,51.48,82,0,8.19,ZA,1596326400
361,Rabak,13.1809,32.74,77.63,68,100,6.89,SD,1596326400
362,Balkanabat,39.5108,54.3671,83.34,21,0,7.58,TM,1596326400
363,Worland,44.0169,-107.9554,92.64,17,8,4.79,US,1596326400
364,Luwuk,-0.9516,122.7875,79.02,79,84,5.55,ID,1596326400
365,Kitgum,3.2783,32.8867,64.92,91,41,2.86,UG,1596326400
366,Lumby,50.2498,-118.969,92.43,28,33,4.59,CA,1596326400
367,Mount Isa,-20.7333,139.5,70.52,41,0,16.6,AU,1596326400
368,Tsabong,-26.0217,22.401,55.26,37,0,8.63,BW,1596326400
369,Flinders,-34.5833,150.8552,58.91,61,66,1.45,AU,1596326400
370,Nueva Loja,0.0847,-76.8828,73.02,92,55,1.5,EC,1596326400
371,North Bend,43.4065,-124.2243,66.2,70,20,8.25,US,1596326400
372,Gambēla,8.25,34.5833,70.48,91,98,1.05,ET,1596326400
373,Waipawa,-41.4122,175.5153,55.36,67,100,8.5,NZ,1596326400
374,Turbat,26.0023,63.044,86.09,69,14,4.34,PK,1596326400
375,Tevaitoa,-16.7833,-151.5,79.3,78,45,9.86,PF,1596326400
376,Isiro,2.7739,27.616,67.32,98,100,1.97,CD,1596326400
377,Abakaliki,6.3163,8.1169,74.97,85,63,5.91,NG,1596326400
378,Huadian,42.9633,126.7478,79.92,78,8,4.09,CN,1596326400
379,Narsaq,60.9167,-46.05,50.02,80,87,2.91,GL,1596326400
380,Voh,-20.9667,164.7,71.22,62,1,12.91,NC,1596326400
381,Cologne,50.9333,6.95,71.35,75,57,5.32,DE,1596326400
382,Kourou,5.1552,-52.6478,79.25,89,93,5.39,GF,1596326400
383,Champerico,14.3,-91.9167,87.58,71,38,5.86,GT,1596326400
384,Nuuk,64.1835,-51.7216,48.43,88,95,16.06,GL,1596326400
385,Santiago del Estero,-27.7951,-64.2615,80.87,33,0,13.6,AR,1596326400
386,Nemuro,43.3236,145.575,65.98,93,76,12.5,JP,1596326400
387,Lucera,41.5082,15.3351,79.29,60,3,4.63,IT,1596326400
388,Vaitape,-16.5167,-151.75,79.48,79,33,11.36,PF,1596326400
389,Conselheiro Pena,-19.1722,-41.4722,67.95,71,59,4.21,BR,1596326400
390,Värnamo,57.186,14.04,58.01,85,78,4.83,SE,1596326400
391,New Glasgow,45.5834,-62.6486,64.74,88,18,7.92,CA,1596326400
392,Manavālakurichi,8.1333,77.3,78.55,86,78,12.93,IN,1596326400
393,Tazovsky,67.4667,78.7,55.96,82,99,14.74,RU,1596326400
394,Colares,38.7992,-9.4469,65.03,86,0,20.33,PT,1596326400
395,Lakatoro,-16.0999,167.4164,78.66,90,62,12.41,VU,1596326400
396,Auchel,50.5034,2.4735,59.22,95,36,9.46,FR,1596326400
397,Imeni Poliny Osipenko,52.4201,136.4853,55.96,88,100,12.37,RU,1596326400
398,Adana Province,36.985,35.2881,78.37,96,21,2.42,TR,1596326400
399,Nikolayevsk-on-Amur,53.1406,140.73,57.74,93,100,3.27,RU,1596326400
400,Blackpool,53.8167,-3.05,57.33,88,72,14.67,GB,1596326400
401,Abū Zabad,12.35,29.25,72.14,88,100,9.69,SD,1596326400
402,Gbarnga,6.9956,-9.4722,71.19,98,99,2.68,LR,1596326400
403,Taltal,-25.4,-70.4833,59.38,70,22,3.06,CL,1596326400
404,Listowel,52.4464,-9.485,54.01,96,45,7.99,IE,1596326400
405,Mehamn,71.0357,27.8492,48.49,86,100,5.12,NO,1596326400
406,Maragogi,-9.0122,-35.2225,73.98,88,36,10.31,BR,1596326400
407,Mattersburg,47.7333,16.4,64.54,69,10,2.44,AT,1596326400
408,Ilhabela,-23.7781,-45.3581,67.15,82,61,8.01,BR,1596326400
409,Humaitá,-7.5061,-63.0208,88.16,34,36,2.39,BR,1596326400
410,Mola di Bari,41.0609,17.0873,82.45,63,0,11.36,IT,1596326400
411,Grindavik,63.8424,-22.4338,51.19,96,85,12.62,IS,1596326400
412,Port-Gentil,-0.7193,8.7815,74.93,80,54,9.71,GA,1596326400
413,Rusnė,55.2964,21.3758,56.64,92,55,7.65,LT,1596326400
414,Tabuk,17.4189,121.4443,79.79,82,99,1.1,PH,1596326400
415,Isangel,-19.55,169.2667,72.81,74,57,17.96,VU,1596326400
416,Gangtok,27.3333,88.6167,68.14,81,100,0.83,IN,1596326400
417,Berlevåg,70.8578,29.0864,48.45,87,100,6.38,NO,1596326400
418,Hammond,41.5834,-87.5,71.6,75,95,3.96,US,1596326400
419,Viedma,-40.8135,-62.9967,56.21,58,94,18.03,AR,1596326400
420,Hambantota,6.1241,81.1185,79.93,80,89,16.67,LK,1596326400
421,Khanbari,27.3747,87.2039,74.59,75,100,0.74,NP,1596326400
422,Sambava,-14.2667,50.1667,70.81,82,77,17.09,MG,1596326400
423,Pāvilosta,56.8879,21.1859,56.82,85,70,4.99,LV,1596326400
424,Mahanoro,-19.9,48.8,63.93,84,10,5.3,MG,1596326400
425,Lorengau,-2.0226,147.2712,82.33,78,100,10.16,PG,1596326400
426,Iralaya,15.0,-83.2333,84.94,75,33,3.85,HN,1596326400
427,Chara,56.9064,118.2631,63.57,76,95,4.79,RU,1596326400
428,Maniitsoq,65.4167,-52.9,46.6,92,100,8.55,GL,1596326400
429,Turgenevo,54.8455,46.3297,55.71,95,100,8.79,RU,1596326400
430,Simões,-7.5989,-40.8178,73.81,58,67,8.7,BR,1596326400
431,Maţāy,28.419,30.7792,81.34,32,0,8.05,EG,1596326400
432,Mwinilunga,-11.7358,24.4293,56.57,43,0,8.21,ZM,1596326400
433,Prince Rupert,54.3161,-130.3201,68.23,65,59,10.4,CA,1596326400
434,São Gabriel da Cachoeira,-0.1303,-67.0892,82.92,65,47,0.63,BR,1596326400
435,Manzanillo,20.3433,-77.1167,86.41,70,100,7.47,CU,1596326400
436,Zhigansk,66.7697,123.3711,60.67,57,0,15.84,RU,1596326400
437,Chornukhy,50.2673,32.942,53.8,94,3,7.65,UA,1596326400
438,Sapa,5.1544,120.3241,81.93,76,93,7.09,PH,1596326400
439,San Juan Bautista,-14.0108,-75.7358,61.38,72,0,0.6,PE,1596326400
440,Chililabombwe,-12.3648,27.8229,51.91,53,0,7.29,ZM,1596326400
441,Camacha,33.0833,-16.3333,69.06,96,49,16.22,PT,1596326400
442,Uthal,25.8072,66.6219,85.8,74,51,4.83,PK,1596326400
443,Daru,-9.0763,143.2092,77.61,75,85,13.31,PG,1596326400
444,Hobyo,5.3505,48.5268,77.43,77,5,24.25,SO,1596326400
445,Pinawa,50.1489,-95.8811,73.47,47,47,7.7,CA,1596326400
446,Mogadishu,2.0371,45.3438,77.13,76,63,22.06,SO,1596326400
447,Río Gallegos,-51.6226,-69.2181,32.4,93,83,3.98,AR,1596326400
448,Dābhol,17.6,73.1667,77.49,91,76,5.82,IN,1596326400
449,Buraidah,26.326,43.975,91.35,21,24,10.42,SA,1596326400
450,Passo de Camaragibe,-9.2368,-35.4901,71.78,96,65,5.5,BR,1596326400
451,Samarai,-10.6167,150.6667,77.49,75,6,12.48,PG,1596326400
452,Dārāb,28.7519,54.5444,82.29,33,3,3.78,IR,1596326400
453,Qandala,11.472,49.8728,88.0,55,23,5.44,SO,1596326400
454,Macouria,4.9167,-52.3667,79.52,87,89,5.86,GF,1596326400
455,Amarante do Maranhão,-5.5667,-46.7422,80.53,44,80,2.77,BR,1596326400
456,Southbridge,42.0751,-72.0334,76.68,63,28,4.27,US,1596326400
457,Iqaluit,63.7506,-68.5145,54.03,70,65,9.86,CA,1596326400
458,Sangmélima,2.9333,11.9833,68.61,95,73,5.21,CM,1596326400
459,Sirohi,24.8833,72.8667,83.32,77,94,6.33,IN,1596326400
460,Phalodi,27.1333,72.3667,90.82,61,73,13.0,IN,1596326400
461,Hāgere Selam,6.4833,38.5167,48.79,100,98,3.62,ET,1596326400
462,Lianran,24.9227,102.485,65.86,88,65,5.75,CN,1596326400
463,Nantucket,41.2835,-70.0995,75.07,74,7,3.65,US,1596326400
464,Bargur,12.5424,78.3539,74.5,81,100,11.7,IN,1596326400
465,Khovd,48.0056,91.6419,56.17,52,0,2.86,MN,1596326400
466,Iskateley,67.6803,53.1512,51.8,94,85,4.25,RU,1596326400
467,Airai,-8.9266,125.4092,63.3,58,0,4.0,TL,1596326400
468,Sungai Raya,0.7,108.9,78.31,90,96,7.87,ID,1596326400
469,Buchanan,5.8808,-10.0467,74.84,92,87,10.8,LR,1596326400
470,Mahibadhoo,3.7833,72.9667,83.1,78,100,12.46,MV,1596326400
471,Kyra,49.5776,111.9753,60.78,83,54,4.7,RU,1596326400
472,Kushmurun,52.4503,64.6311,72.97,39,27,8.86,KZ,1596326400
473,Vangaindrano,-23.35,47.6,63.72,84,88,3.98,MG,1596326400
474,Ivanava,52.1451,25.5365,53.46,89,0,5.7,BY,1596326400
475,Antúnez,19.0167,-102.2,89.47,64,39,1.81,MX,1596326400
476,Kloulklubed,7.0419,134.2556,84.61,84,82,6.89,PW,1596326400
477,Makakilo City,21.3469,-158.0858,82.33,58,41,18.28,US,1596326400
478,Fort Nelson,58.8053,-122.7002,87.44,41,68,11.34,CA,1596326400
479,‘Āhuimanu,21.4447,-157.8378,81.57,62,40,16.73,US,1596326400
480,Okakarara,-20.5833,17.4333,48.38,47,0,6.29,NA,1596326400
481,Beringovskiy,63.05,179.3167,51.15,79,100,9.51,RU,1596326400
482,Rasht,37.2808,49.5832,75.79,83,22,0.74,IR,1596326400
483,Eyl,7.9803,49.8164,78.91,66,18,23.69,SO,1596326400
484,Kolvereid,64.8655,11.6047,60.24,74,0,7.25,NO,1596326400
485,Myanaung,18.2833,95.3167,80.47,85,97,1.99,MM,1596326400
486,Port Hedland,-20.3167,118.5667,74.07,34,0,3.04,AU,1596326400
487,Deputatsky,69.3,139.9,57.74,63,54,4.0,RU,1596326400
488,Cancún,21.1743,-86.8466,84.78,76,43,9.1,MX,1596326400
489,Khandyga,62.6667,135.6,71.31,53,0,2.64,RU,1596326400
490,Lufilufi,-13.8745,-171.5986,81.3,82,35,21.07,WS,1596326400
491,Dom Pedrito,-30.9828,-54.6731,61.52,91,0,6.89,BR,1596326400
492,Tondano,1.3038,124.9112,74.08,92,69,1.34,ID,1596326400
493,Antofagasta,-23.65,-70.4,56.03,79,42,3.2,CL,1596326400
494,Carlos Chagas,-17.7031,-40.7664,66.42,78,13,4.72,BR,1596326400
495,Biscarrosse,44.3945,-1.1672,65.61,85,54,7.31,FR,1596326400
496,Vestmannaeyjar,63.4427,-20.2734,52.38,93,100,15.12,IS,1596326400
497,Thap Than,15.4606,99.8917,81.43,71,100,5.64,TH,1596326400
498,Le Port,-20.9373,55.2919,70.61,77,68,4.56,RE,1596326400
499,Djebeniana,35.035,10.9081,84.96,56,0,10.02,TN,1596326400
500,Östersund,63.1792,14.6357,59.88,74,4,4.5,SE,1596326400
501,Fairlie,55.756,-4.8556,53.89,91,94,0.83,GB,1596326400
502,Harbour Breton,47.4833,-55.7983,62.96,90,45,5.64,CA,1596326400
503,Poum,-20.2333,164.0167,69.21,71,1,23.04,NC,1596326400
504,Zhangjiakou,40.81,114.8794,72.7,76,0,2.26,CN,1596326400
505,Grand-Santi,4.25,-54.3833,77.56,93,96,2.62,GF,1596326400
506,Erzin,36.9559,36.2,78.82,85,10,1.07,TR,1596326400
507,Llanes,43.4198,-4.7549,66.88,76,89,3.09,ES,1596326400
508,Coquimbo,-29.9533,-71.3436,57.04,81,10,7.38,CL,1596326400
509,Shebunino,46.4339,141.8603,70.11,87,91,14.12,RU,1596326400
510,Malakal,9.5334,31.6605,72.09,93,100,1.95,SS,1596326400
511,Mucuri,-18.0864,-39.5508,71.29,77,0,8.7,BR,1596326400
512,Beloha,-25.1667,45.05,59.47,80,0,10.58,MG,1596326400
513,Kununurra,-15.7667,128.7333,71.17,27,0,10.76,AU,1596326400
514,Lata,40.1629,-8.3327,59.5,94,3,1.3,PT,1596326400
515,Xam Nua,20.4197,104.0439,68.81,95,100,3.27,LA,1596326400
516,Matara,5.9485,80.5353,78.08,89,70,9.98,LK,1596326400
517,Conceição do Coité,-11.5639,-39.2828,66.81,86,1,6.64,BR,1596326400
518,Krasnosel'kup,65.7,82.4667,60.98,65,97,17.22,RU,1596326400
519,Oistins,13.0667,-59.5333,81.99,77,14,9.51,BB,1596326400
520,Ulladulla,-35.35,150.4667,56.7,57,16,1.86,AU,1596326400
521,Pyaozerskiy,65.8333,31.1667,52.39,79,96,5.19,RU,1596326400
522,Lake City,30.1897,-82.6393,87.28,60,25,2.91,US,1596326400
523,Weligama,5.9667,80.4167,78.24,88,63,9.95,LK,1596326400
524,Udachny,66.4167,112.4,66.96,51,49,4.68,RU,1596326400
525,Senneterre,48.3835,-77.2328,76.17,60,44,3.22,CA,1596326400
526,Ipatinga,-19.4683,-42.5367,65.52,75,16,1.74,BR,1596326400
527,Luoyang,34.6836,112.4536,78.55,46,100,3.0,CN,1596326400
528,Lourdes,43.1,-0.05,66.16,84,92,2.95,FR,1596326400
529,Fontem,5.4685,9.8818,67.46,97,86,1.34,CM,1596326400
530,Birin,26.8865,88.0718,66.06,100,84,1.32,NP,1596326400
531,Harnoli,32.2792,71.5539,94.95,47,31,14.52,PK,1596326400
532,Mineros,-17.1167,-63.2333,74.48,54,18,3.42,BO,1596326400
533,Fairbanks,64.8378,-147.7164,83.44,33,69,1.45,US,1596326400
534,Pochutla,15.7432,-96.4661,86.74,65,10,5.88,MX,1596326400
535,Puerto del Rosario,28.5004,-13.8627,73.24,82,0,12.01,ES,1596326400
536,Beyneu,45.3167,55.2,81.16,22,0,10.98,KZ,1596326400
537,Bridlington,54.0831,-0.1919,57.58,77,42,13.13,GB,1596326400
538,Darhan,49.4867,105.9228,60.46,77,100,9.08,MN,1596326400
539,Corowa,-36.0333,146.3833,49.55,86,58,6.38,AU,1596326400
540,Kyaikkami,16.08,97.5675,81.82,83,100,14.72,MM,1596326400
541,Banda Aceh,5.5577,95.3222,79.99,75,100,12.53,ID,1596326400
542,Port Macquarie,-31.4333,152.9167,60.28,70,1,1.12,AU,1596326400
543,São Filipe,14.8961,-24.4956,77.23,83,12,5.57,CV,1596326400
544,Pandan,14.0453,124.1694,79.74,79,100,3.02,PH,1596326400
545,Sur,22.5667,59.5289,83.8,72,4,9.75,OM,1596326400
546,Pully,46.5103,6.6618,68.54,82,53,3.15,CH,1596326400
547,Consett,54.854,-1.8316,53.53,84,29,9.91,GB,1596326400
548,Balikpapan,-1.2675,116.8289,76.8,96,56,7.34,ID,1596326400
549,Batagay-Alyta,67.8006,130.4114,59.92,60,16,5.17,RU,1596326400
550,Moose Factory,51.2585,-80.6094,54.03,84,95,11.1,CA,1596326400
551,Touros,-5.1989,-35.4608,76.15,86,12,13.96,BR,1596326400
552,Manāsa,24.4837,75.2687,80.42,84,57,9.51,IN,1596326400
553,Tchibanga,-2.85,11.0333,69.91,86,60,4.5,GA,1596326400
554,Phalaborwa,-23.943,31.1411,58.75,68,0,3.4,ZA,1596326400
555,Ovalle,-30.5983,-71.2003,65.19,37,32,2.66,CL,1596326400
556,Varhaug,58.6147,5.6457,62.29,93,73,12.57,NO,1596326400
557,Simao,22.7886,100.9748,68.29,93,21,3.31,CN,1596326400
558,Moree,-29.4667,149.85,57.81,65,0,4.56,AU,1596326400
559,Cooma,-36.2333,149.1333,47.34,71,87,1.79,AU,1596326400
560,Road Town,18.4167,-64.6167,82.71,77,54,10.0,VG,1596326400
561,Auki,-8.7676,160.7034,85.96,72,13,3.83,SB,1596326400
562,Indramayu,-6.3264,108.32,76.77,76,46,7.45,ID,1596326400
563,Saurimo,-9.6608,20.3916,68.41,38,70,8.37,AO,1596326400
564,Karratha,-20.7377,116.8463,72.28,31,0,3.62,AU,1596326400
565,Bani Walid,31.7566,13.9942,73.02,49,0,1.79,LY,1596326400
566,Tucuruí,-3.7661,-49.6725,79.92,53,84,0.31,BR,1596326400
567,Aykhal,66.0,111.5,66.2,49,21,3.49,RU,1596326400
568,High Rock,26.6208,-78.2833,81.36,88,87,37.54,BS,1596326400
569,Yar-Sale,66.8333,70.8333,55.81,93,96,7.87,RU,1596326400
570,Key Largo,25.0865,-80.4473,83.95,37,100,20.22,US,1596326400
571,Concordia,-31.393,-58.0209,66.54,86,25,9.31,AR,1596326400
572,Jiexiu,37.0244,111.9125,79.14,65,0,7.47,CN,1596326400
573,San Juan,-31.5375,-68.5364,67.84,23,0,2.66,AR,1596326400
574,Grinnell,41.743,-92.7224,77.58,65,6,4.61,US,1596326400
575,La Tuque,47.4334,-72.7824,75.15,60,36,1.23,CA,1596326400
576,Guerrero Negro,27.9769,-114.0611,85.82,48,0,16.98,MX,1596326400
577,Kandrian,-6.2167,149.55,80.98,77,80,12.84,PG,1596326400
578,Utena,55.5,25.6,51.01,88,1,3.06,LT,1596326400
579,Libreville,0.3925,9.4537,77.34,81,49,9.42,GA,1596326400
580,Riverton,40.5219,-111.9391,98.73,12,19,11.68,US,1596326400
581,Vila do Maio,15.1333,-23.2167,79.43,82,15,4.65,CV,1596326400
582,Kaduna,10.5222,7.4383,71.91,91,95,4.05,NG,1596326400
583,Harlingen,26.1906,-97.6961,88.32,67,60,13.22,US,1596326400
584,Petropavl,54.8753,69.1628,67.14,72,5,2.55,KZ,1596326400
585,Puerto Escondido,15.85,-97.0667,86.7,72,12,6.53,MX,1596326400
586,Peno,56.9262,32.7426,49.41,97,23,5.26,RU,1596326400
587,Havre-St-Pierre,50.2334,-63.5986,62.46,86,1,13.67,CA,1596326400
588,Hinton,53.4001,-117.5857,87.64,30,64,5.06,CA,1596326400
589,Marawi,7.9986,124.2928,75.6,85,99,1.72,PH,1596326400
590,Kalmunai,7.4167,81.8167,80.2,72,99,6.26,LK,1596326400
591,Piura,-5.2,-80.6333,78.49,48,0,15.61,PE,1596326400
592,Chontalpa,17.7,-93.5167,86.11,75,44,7.18,MX,1596326400
593,Pacifica,37.6138,-122.4869,62.96,79,49,11.77,US,1596326400
594,Palmeiras de Goiás,-16.805,-49.9258,72.72,43,6,5.59,BR,1596326400
595,Nieuw Amsterdam,5.8833,-55.0833,78.19,88,66,6.71,SR,1596326400
596,Aksu,41.1231,80.2644,77.14,26,100,3.87,CN,1596326400
597,Atambua,-9.1061,124.8925,73.92,73,5,4.14,ID,1596326400
598,Mareeba,-17.0,145.4333,66.7,77,76,5.88,AU,1596326400
599,Comodoro Rivadavia,-45.8667,-67.5,53.31,49,90,41.07,AR,1596326400
600,Rabo de Peixe,37.8,-25.5833,69.33,75,76,6.73,PT,1596326400
601,Aden,12.7794,45.0367,88.12,67,0,19.89,YE,1596326400
602,Hamada,34.8833,132.0833,80.83,74,85,6.11,JP,1596326400
603,Camp Verde,34.5636,-111.8543,104.59,16,0,19.28,US,1596326400
604,Rapid Valley,44.0625,-103.1463,78.12,44,29,10.63,US,1596326400
605,Taksimo,56.3444,114.8794,65.79,81,93,1.66,RU,1596326400
606,Verāval,20.9,70.3667,84.06,82,97,4.18,IN,1596326400
607,Jacareacanga,-6.2222,-57.7528,84.94,39,82,1.74,BR,1596326400
608,Ambilobe,-13.2,49.05,67.41,83,1,3.4,MG,1596326400
609,Bud,39.447,-86.1758,73.81,92,65,3.42,US,1596326400
610,Tall Kayf,37.0833,41.0667,80.64,22,0,0.98,TR,1596326400
611,Zheleznodorozhnyy,55.7503,38.0042,56.71,91,60,7.85,RU,1596326400
612,Mvomero,-6.25,38.6667,66.61,75,4,4.21,TZ,1596326400
613,Haicheng,40.8516,122.7475,82.2,78,17,10.49,CN,1596326400
